<?xml version="1.0" encoding="UTF-8"?>
<project-private xmlns="http://www.netbeans.org/ns/project-private/1">
    <editor-bookmarks xmlns="http://www.netbeans.org/ns/editor-bookmarks/2" lastBookmarkId="0"/>
    <open-files xmlns="http://www.netbeans.org/ns/projectui-open-files/2">
        <group>
            <file>file:/C:/Users/asus/Desktop/New%20folder/final/src/finalfinal/addupdate.java</file>
            <file>file:/C:/Users/asus/Desktop/New%20folder/final/src/finalfinal/dashboard.java</file>
            <file>file:/C:/Users/asus/Desktop/New%20folder/final/src/finalfinal/splashclass.java</file>
            <file>file:/C:/Users/asus/Desktop/New%20folder/final/src/finalfinal/info.java</file>
            <file>file:/C:/Users/asus/Desktop/New%20folder/final/src/finalfinal/search.java</file>
            <file>file:/C:/Users/asus/Desktop/New%20folder/final/src/finalfinal/borrow.java</file>
            <file>file:/C:/Users/asus/Desktop/New%20folder/final/src/finalfinal/borrowbook.java</file>
            <file>file:/C:/Users/asus/Desktop/New%20folder/final/src/finalfinal/logs.java</file>
        </group>
    </open-files>
</project-private>
